<?xml version="1.0" encoding="UTF-8"?>
<metadata xmlns:xs="http://www.w3.org/2001/XMLSchema" xmlns:fn="http://www.w3.org/2005/xpath-functions" xmlns:xdt="http://www.w3.org/2005/xpath-datatypes"><idinfo><citation><citeinfo><origin>U.S. Census Bureau</origin><origin>NJ Office of Information Technology (NJOIT), Office of Geographic Information Systems (OGIS)</origin><pubdate>20130107</pubdate><title>Census Tract boundaries (2010 Census) 2012 release, TIGER-derived, NAD83 NJ State Plane feet</title><geoform>vector digital data</geoform><pubinfo><pubplace>Trenton, NJ</pubplace><publish>NJ Office of Information Technology (NJOIT), Office of Geographic Information Systems (OGIS)</publish></pubinfo><onlink>https://njgin.state.nj.us/oit/gis/download/Census2010Tr2012.zip</onlink><onlink>http://www.census.gov/geo/maps-data/data/tiger.html</onlink></citeinfo></citation><descript><abstract>
Census Tract boundary polygons (2010 Census) for the State of New Jersey, as of 2012.

For additional documentation, see the US Census Bureau, TIGER data Web site.
</abstract><purpose>Data reprojected by NJOIT OGIS for use in state Web maps and for redistribution to GIS desktop users.</purpose><supplinf>Shapefile in geographic coordinates was downloaded from the US Census Bureau Web site for New Jersey Partnership Shapefile Batch Download on January 7, 2013:  

      http://www.census.gov/geo/partnerships/pvs/bas/st34_nj.html

      The data were developed in partnership with the NJ State Redistricting Commission, following the 2010 U.S. Census.

      The shapefile was then reprojected to NAD83 NJ State Plane coordinates, US Survey feet, and several empty attributes were deleted.</supplinf></descript><timeperd><timeinfo><sngdate><caldate>20130107</caldate></sngdate></timeinfo><current>publication date</current></timeperd><status><progress>Complete</progress><update>None planned</update></status><spdom><bounding><westbc>-75.94</westbc><eastbc>-73.33</eastbc><northbc>41.79</northbc><southbc>38.30</southbc></bounding></spdom><keywords><theme><themekt>ISO 19115 Topic Category</themekt><themekey>boundaries</themekey></theme></keywords><accconst>None</accconst><useconst>
See Purpose and Data Quality sections for conditions that limit appropriate uses.

Acknowledgement of the data set providers would be appreciated for maps, data or other products derived from this data set.

The TIGER/Line Shapefile products are not copyrighted however TIGER/Line and Census TIGER are registered trademarks of the U.S. Census Bureau.  These products are free to use in a product or publication, however acknowledgement must be given to the U.S. Census Bureau as the source.
The boundary information in the TIGER/Line Shapefiles are for statistical data collection and tabulation purposes only; their depiction and designation for statistical purposes does not constitute a determination of jurisdictional authority or rights of ownership or entitlement and they are not legal land descriptions.Coordinates in the TIGER/Line shapefiles have six implied decimal places, but the positional accuracy of these coordinates is not as great as the six decimal places suggest.
</useconst><crossref><citeinfo><origin>U.S. Department of Commerce, Economics and Statistics Administration, U.S. Census Bureau, Geography Division</origin><pubdate>20120817</pubdate><title>2012 TIGER/Line Shapefiles Technical Documentation</title><geoform>document</geoform><pubinfo><pubplace>Washington, DC</pubplace><publish>U.S. Department of Commerce, Economics and Statistics Administration, U.S. Census Bureau, Geography Division</publish></pubinfo><onlink>http://www.census.gov/geo/maps-data/data/pdfs/tiger/tgrshp2012/TGRSHP2012_TechDoc.pdf</onlink></citeinfo></crossref></idinfo><spdoinfo><ptvctinf><sdtsterm><sdtstype>G-polygon</sdtstype><ptvctcnt>2010</ptvctcnt></sdtsterm></ptvctinf><direct>Vector</direct></spdoinfo><spref><horizsys><planar><gridsys><gridsysn>State Plane Coordinate System 1983</gridsysn><spcs><spcszone>2900</spcszone><transmer><sfctrmer>0.999900</sfctrmer><longcm>-74.500000</longcm><latprjo>38.833333</latprjo><feast>492125.000000</feast><fnorth>0.000000</fnorth></transmer></spcs></gridsys><planci><plance>coordinate pair</plance><coordrep><absres>0.000328</absres><ordres>0.000328</ordres></coordrep><plandu>survey feet</plandu></planci></planar><geodetic><horizdn>North American Datum of 1983</horizdn><ellips>Geodetic Reference System 80</ellips><semiaxis>6378137.000000</semiaxis><denflat>298.257222</denflat></geodetic></horizsys></spref><eainfo><detailed><enttyp><enttypl>Govt_TIGER2012_tract2010</enttypl><enttypd>2012 release of 2010 Census Tract, NJ</enttypd><enttypds>U.S. Census Bureau</enttypds></enttyp><attr><attrlabl>FID</attrlabl><attrdef>Internal feature number.</attrdef><attrdefs>ESRI</attrdefs><attrdomv><udom>Sequential unique whole numbers that are automatically generated.</udom></attrdomv></attr><attr><attrlabl>Shape</attrlabl><attrdef>Feature geometry.</attrdef><attrdefs>ESRI</attrdefs><attrdomv><udom>Coordinates defining the features.</udom></attrdomv></attr><attr><attrlabl>STATEFP</attrlabl><attrdef>2010 Census state Federal Information Processing Standards (FIPS) codes</attrdef><attrdefs>U.S. Census Bureau</attrdefs><attrdomv><codesetd><codesetn>INCITS.38-200x (R2004), Codes for the Identification of the States, the District of Columbia, Puerto Rico, and the Insular Areas of the United States (Formerly FIPS 5-2)</codesetn><codesets>U.S. Census Bureau</codesets></codesetd></attrdomv></attr><attr><attrlabl>COUNTYFP</attrlabl><attrdef>Census county Federal Information Processing Standards (FIPS) code</attrdef><attrdefs>U.S. Census Bureau</attrdefs><attrdomv><codesetd><codesetn>INCITS.31-200x (R2007), Codes for the Identification of the Counties and Equivalent Areas of the United States, Puerto Rico, and the Insular Areas of the United States (Formerly FIPS 6-4)</codesetn><codesets>U.S. Census Bureau</codesets></codesetd></attrdomv></attr><attr><attrlabl>TRACTCE</attrlabl><attrdef>Census census tract code</attrdef><attrdefs>U.S. Census Bureau</attrdefs><attrdomv><edom><edomv>000000</edomv><edomvd>Water tract in some coastal and Great Lakes water and territorial sea</edomvd><edomvds>U.S. Census Bureau</edomvds></edom></attrdomv><attrdomv><edom><edomv>000100 to 998999</edomv><edomvd>Census tract number</edomvd><edomvds>U.S. Census Bureau</edomvds></edom></attrdomv></attr><attr><attrlabl>NAME</attrlabl><attrdef>Census census tract name, this is the census tract code converted to an integer or integer plus two-digit decimal if the last two characters of the code are not both zeros.</attrdef><attrdefs>U.S. Census Bureau</attrdefs><attrdomv><codesetd><codesetn>Refer to the online census tract gazetteer file at URL: http://www.census.gov/geo/www/gazetteer/gazette.html</codesetn><codesets>U.S. Census Bureau</codesets></codesetd></attrdomv></attr><attr><attrlabl>TRACTID</attrlabl><attrdef>Census tract identifier, a concatenation of Census state Federal Information Processing Standards (FIPS) code, county FIPS code, and census tract code</attrdef><attrdefs>U.S. Census Bureau</attrdefs><attrdomv><codesetd><codesetn>INCITS.38-200x (R2004), Codes for the Identification of the States, the District of Columbia, Puerto Rico, and the Insular Areas of the United States (Formerly FIPS 5-2), INCITS.31-200x (R2007), Codes for the Identification of the Counties and Equivalent Areas of the United States, Puerto Rico, and the Insular Areas of the United States (Formerly FIPS 6-4) and the census tract code that appears in TRACTCE</codesetn><codesets>U.S. Census Bureau</codesets></codesetd></attrdomv></attr><attr><attrlabl>TRACTTYP</attrlabl></attr><attr><attrlabl>TRACTLABEL</attrlabl><attrdef>TRACTCE with fill zeros to the right of the decimal point if no digits</attrdef><attrdomv><udom>Expanded tract identifiers</udom></attrdomv></attr><attr><attrlabl>PARTFLG</attrlabl></attr><attr><attrlabl>VINTAGE</attrlabl></attr><attr><attrlabl>SHAPE_AREA</attrlabl><attrdef>Area of feature in internal units squared.</attrdef><attrdefs>ESRI</attrdefs><attrdomv><udom>Positive real numbers that are automatically generated.</udom></attrdomv></attr><attr><attrlabl>SHAPE_LEN</attrlabl><attrdef>Length of the feature perimeter in internal units</attrdef><attrdefs>ESRI</attrdefs><attrdomv><udom>Positive real numbers that are automatically generated.</udom></attrdomv></attr></detailed></eainfo><distinfo><distrib><cntinfo><cntorgp><cntorg>NJ Office of Information Technology (NJOIT), Office of Geographic Information Systems (OGIS)</cntorg></cntorgp><cntaddr><addrtype>mailing address</addrtype><address>PO Box 212</address><city>Trenton</city><state>NJ</state><postal>08625-0212</postal><country>USA</country></cntaddr><cntvoice>609.633.9103</cntvoice><cntemail>njgin@oit.state.nj.us</cntemail></cntinfo></distrib><resdesc>Downloadable data</resdesc><distliab>The State of New Jersey provides the data set "as is". The State makes no guarantee or warranty concerning the accuracy of information contained in the data. Also, the State makes no warranty, either expressed or implied, regarding the condition of the product or its fitness for any particular purpose. The burden for determining fitness for use lies entirely with the user. Although these data files have been processed successfully on computers at the State, no warranty is made by the State regarding the use of the data on any other system, nor does the fact of distribution constitute or imply such a warranty.</distliab><stdorder><digform><digtinfo><formname>Shapefile</formname><filedec>ZIP (Windows)</filedec><formverd>2013</formverd></digtinfo><digtopt><onlinopt><computer><networka><networkr>https://njgin.state.nj.us/NJ_NJGINExplorer/DataDownloads.jsp</networkr><networkr>https://njgin.state.nj.us/oit/gis/download/Census2010Tr2012.zip</networkr></networka></computer></onlinopt></digtopt></digform><fees>none</fees><ordering>
Shapefile in NAD83 NJ State Plane feet can be downloaded from NJGIN Data Download Web page. 

Data in geographic coordinates can be obtained directly from the Census Bureau Web site.
</ordering></stdorder><availabl><timeinfo><rngdates><begdate>201307</begdate><enddate>present</enddate></rngdates></timeinfo></availabl></distinfo><metainfo><metd>20130718</metd><metc><cntinfo><cntorgp><cntorg>NJOIT OGIS</cntorg><cntper>Edith Konopka</cntper></cntorgp><cntaddr><addrtype>mailing address</addrtype><address>PO Box 212</address><city>Trenton</city><state>NJ</state><postal>086025-0212</postal><country>USA</country></cntaddr><cntvoice>609.777.3774</cntvoice><cntemail>edith.konopka@oit.state.nj.us</cntemail></cntinfo></metc><metstdn>FGDC Content Standards for Digital Geospatial Metadata</metstdn><metstdv>FGDC-STD-001-1998</metstdv></metainfo><dataqual><lineage><procstep><proccont><cntinfo><cntorgp><cntorg>NJOIT, OGIS</cntorg><cntper>Edith Konopka</cntper></cntorgp><cntaddr><addrtype>mailing address</addrtype><address>PO Box 212</address><city>Trenton</city><state>NJ</state><postal>08625-0212</postal><country>USA</country></cntaddr><cntvoice>609.777.3774</cntvoice><cntemail>edith.konopka@oit.state.nj.us</cntemail></cntinfo></proccont><procdesc>U.S. Census Bureau TIGER shapefile, 2012 release of 2010 Census Tracts, was reprojected to NAD83 NJ State Plane feet. Metadata record was created reflecting OGIS processing and redistribution of the projected data by the State of New Jersey. Some information was incorporated from Census Bureau documentation. </procdesc><procdate>20130718</procdate><srcused>TGRSHP2012_TechDoc.pdf</srcused></procstep><procstep><proccont><cntinfo><cntorgp><cntorg>NJOIT OGIS</cntorg><cntper>Edith Konopka</cntper></cntorgp><cntvoice>609.777.3774</cntvoice><cntemail>edith.konopka@oit.state.nj.us</cntemail></cntinfo></proccont><procdesc>Table compare and symmetrical difference tools were run to compare this shapefile to the census tract polygon shapefile released for the 2010 census. The only changes noted were minor spatial changes along the exterior boundaries of New Jersey.</procdesc><procdate>201307</procdate></procstep></lineage><logic>See Census Bureau TIGER Web site.</logic><complete>See Census Bureau TIGER Web site.</complete></dataqual><Esri><CreaDate>20140218</CreaDate><CreaTime>17453800</CreaTime><ArcGISFormat>1.0</ArcGISFormat><SyncOnce>TRUE</SyncOnce></Esri></metadata>
